STD/EMP ID,Salary,Conveyance,Calculated Total
EMP-000644,"220,000","9,000","229,000"
EMP-000230,"105,000","9,000","114,000"
STD-001699,"28,000","1,540","29,540"
EMP-000920,"45,000","4,320","49,320"
STD-001970,"11,000","4,320","15,320"
STD-002288,"7,000","4,320","11,320"
STD-001973,"13,000","4,320","17,320"
STD-001925,"22,000","4,320","26,320"
STD-002324,"16,000","4,320","20,320"
STD-002285,"10,000","4,320","14,320"
STD-002366,"10,000","4,320","14,320"
STD-002367,"10,000","4,320","14,320"
STD-002369,"18,000","4,320","22,320"
STD-002411,"3,000","4,320","7,320"
STD-002136,"22,000","4,320","26,320"
STD-002119,"8,000","4,320","12,320"
STD-002446,0,0,0
STD-002377,"10,000","3,960","13,960"
STD-001643,"30,000","3,960","33,960"
EMP-000745,"65,000","2,200","67,200"
STD-002151,"15,000","2,200","17,200"
STD-002018,"10,000","2,200","12,200"
STD-001908,"15,000","2,200","17,200"
STD-002382,"18,000","2,200","20,200"
STD-002129,"15,000","2,200","17,200"
STD-002350,"25,000","2,200","27,200"
STD-002407,"10,000","2,200","12,200"
STD-002274,"10,000","2,000","12,000"
STD-002061,"16,000","2,000","18,000"
STD-002114,"11,000","2,000","13,000"
STD-002283,"15,000","2,000","17,000"
STD-002174,"16,000","3,960","19,960"
STD-002220,"15,000","2,000","17,000"
STD-002328,"21,000","2,000","23,000"
STD-002255,"21,000",0,"21,000"
STD-001901,"22,000","3,960","25,960"
STD-001919,"11,000","3,960","14,960"
STD-002278,"27,000","3,960","30,960"
STD-002085,"22,000","3,960","25,960"
STD-002287,"10,000","1,540","11,540"
STD-002391,"4,000","1,540","5,540"
STD-001870,"10,000","3,960","13,960"
STD-001924,"21,000","3,960","24,960"
STD-001730,"9,000","2,000","11,000"
STD-001848,"9,000","2,000","11,000"
STD-001923,"24,000","3,960","27,960"
EMP-000916,"35,000","3,960","38,960"
STD-002150,"22,000","3,960","25,960"
STD-002402,"27,000","3,960","30,960"
STD-002401,"27,000","3,960","30,960"
STD-001917,"14,000","3,960","17,960"
STD-001958,"14,000","3,960","17,960"
STD-002244,"25,000","3,960","28,960"
STD-002309,"28,000",0,"28,000"
EMP-000883,"39,500",0,"39,500"
STD-002141,"24,000",0,"24,000"
STD-002075,"11,000","2,000","13,000"
STD-002297,"17,000","3,960","20,960"
